Pixel 2,Pixel 3,Pixel 4,Pixel 5,Pixel 6,Pixel 7,Pixel 8,Pixel 9,Pixel 10,Pixel 11,Pixel 12,Pixel 13,Pixel 14,Pixel 15,Pixel 16,Pixel 17,Pixel 18,Pixel 19,Pixel 20,Pixel 21,Pixel 22,Pixel 23,Pixel 24,Pixel 25,Pixel 26,Pixel 27,Pixel 28,Pixel 29,Pixel 30,Pixel 31,Pixel 32,Pixel 33,Pixel 34,Pixel 35,Pixel 36,Pixel 37,Pixel 38,Pixel 39,Pixel 40,Pixel 41,Pixel 42,Pixel 43,Pixel 44,Pixel 45,Pixel 46,Pixel 47,Pixel 48,Pixel 49,Pixel 50,Pixel 51,Pixel 52,Pixel 53,Pixel 54,Pixel 55,Pixel 56,Pixel 57,Pixel 58,Pixel 59,Pixel 60,Pixel 61,Pixel 62,Pixel 63,Pixel 64,Pixel 65,Pixel 66,Pixel 67,Pixel 68,Pixel 69,Pixel 70,Pixel 71,Pixel 72,Pixel 73,Pixel 74,Pixel 75,Pixel 76,Pixel 77,Pixel 78,Pixel 79,Pixel 80,Pixel 81,Pixel 82,Pixel 83,Pixel 84,Pixel 85,Pixel 86,Pixel 87,Pixel 88,Pixel 89,Pixel 90,Pixel 91,Pixel 92,Pixel 93,Pixel 94,Pixel 95,Pixel 96,Pixel 97,Pixel 98,Pixel 99,Pixel 100,Pixel 101,Pixel 102,Pixel 103,Pixel 104,Pixel 105,Pixel 106,Pixel 107,Pixel 108,Pixel 109,Pixel 110,Pixel 111,Pixel 112,Pixel 113,Pixel 114,Pixel 115,Pixel 116,Pixel 117,Pixel 118,Pixel 119,Pixel 120,Pixel 121,Pixel 122,Pixel 123,Pixel 124,Pixel 125,Pixel 126,Pixel 127,Pixel 128,Pixel 129,Pixel 130,Pixel 131,Pixel 132,Pixel 133,Pixel 134,Pixel 135,Pixel 136,Pixel 137,Pixel 138,Pixel 139,Pixel 140,Pixel 141,Pixel 142,Pixel 143,Pixel 144,Pixel 145,Pixel 146,Pixel 147,Pixel 148,Pixel 149,Pixel 150,Pixel 151,Pixel 152,Pixel 153,Pixel 154,Pixel 155,Pixel 156,Pixel 157,Pixel 158,Pixel 159,Pixel 160,Pixel 161,Pixel 162,Pixel 163,Pixel 164,Pixel 165,Pixel 166,Pixel 167,Pixel 168,Pixel 169,Pixel 170,Pixel 171,Pixel 172,Pixel 173,Pixel 174,Pixel 175,Pixel 176,Pixel 177,Pixel 178,Pixel 179,Pixel 180,Pixel 181,Pixel 182,Pixel 183,Pixel 184,Pixel 185,Pixel 186,Pixel 187,Pixel 188,Pixel 189,Pixel 190,Pixel 191,Pixel 192,Pixel 193,Pixel 194,Pixel 195,Pixel 196,Pixel 197,Pixel 198,Pixel 199,Pixel 200,Pixel 201,Pixel 202,Pixel 203,Pixel 204,Pixel 205,Pixel 206,Pixel 207,Pixel 208,Pixel 209,Pixel 210,Pixel 211,Pixel 212,Pixel 213,Pixel 214,Pixel 215,Pixel 216,Pixel 217,Pixel 218,Pixel 219,Pixel 220,Pixel 221,Pixel 222,Pixel 223,Pixel 224,Pixel 225,Pixel 226,Pixel 227,Pixel 228,Pixel 229,Pixel 230,Pixel 231,Pixel 232,Pixel 233,Pixel 234,Pixel 235,Pixel 236,Pixel 237,Pixel 238,Pixel 239,Pixel 240,Pixel 241,Pixel 242,Pixel 243,Pixel 244,Pixel 245,Pixel 246,Pixel 247,Pixel 248,Pixel 249,Pixel 250,Pixel 251,Pixel 252,Pixel 253,Pixel 254,Pixel 255,Pixel 256,Pixel 257,Pixel 258,Pixel 259,Pixel 260,Pixel 261,Pixel 262,Pixel 263,Pixel 264,Pixel 265,Pixel 266,Pixel 267,Pixel 268,Pixel 269,Pixel 270,Pixel 271,Pixel 272,Pixel 273,Pixel 274,Pixel 275,Pixel 276,Pixel 277,Pixel 278,Pixel 279,Pixel 280,Pixel 281,Pixel 282,Pixel 283,Pixel 284,Pixel 285,Pixel 286,Pixel 287,Pixel 288,Channel_1,Channel_2,Channel_3,Channel_4,Channel_5,Channel_6,Channel_7,Channel_8,Channel_9,Channel_10,Channel_11,Channel_12,Channel_13,Channel_14,Channel_15,Channel_16,Integration_Time,Lamp_Power,Humidity,Temperature
144,141,138,143,138,141,140,138,141,139,135,139,136,138,138,135,138,135,136,137,133,136,137,133,137,134,135,134,135,135,135,133,134,133,133,134,133,135,133,133,134,132,132,135,133,134,136,134,137,136,135,135,134,134,134,134,136,134,135,136,133,133,135,134,135,134,133,137,136,136,136,134,135,134,134,137,133,134,136,133,135,135,131,135,135,134,135,134,138,137,140,143,143,144,142,140,141,137,136,140,139,139,139,138,141,142,140,146,144,147,148,149,152,150,151,155,154,157,159,161,173,182,185,192,189,189,187,188,194,194,199,201,205,210,210,210,215,218,221,225,225,230,227,225,230,229,230,231,229,231,234,231,234,241,243,254,258,268,276,284,290,293,294,300,302,309,315,317,321,325,328,337,334,338,335,335,338,340,338,340,343,346,349,349,354,351,351,357,353,356,350,349,353,354,357,355,358,358,364,362,368,359,360,367,359,360,358,356,363,358,359,361,358,357,360,358,359,362,356,360,356,356,356,353,353,350,348,349,350,349,345,339,345,341,342,341,331,337,336,328,329,324,320,320,316,313,309,307,307,303,298,301,300,301,299,295,294,292,290,291,287,288,287,281,283,278,276,272,269,269,269,264,266,262,260,264,259,259,259,254,256,253,249,252,248,243,244,-8152895,-8155872,-8149553,-8142114,-8154319,-8144218,-8151673,-8148389,-8140671,-8147700,-8148504,-8152982,-8141861,-8156038,-8149325,-8150022,15,0,35,30
144,142,139,143,138,143,141,141,141,139,135,140,137,138,138,135,138,135,135,138,135,136,135,133,136,135,134,136,136,135,134,134,135,133,133,135,132,137,134,133,134,132,133,135,133,134,135,134,137,136,136,136,134,134,134,135,135,134,134,138,133,135,134,133,136,135,134,137,137,136,136,134,135,133,134,137,134,134,138,134,135,136,132,137,135,134,134,134,137,137,139,142,142,143,141,140,140,140,139,140,139,140,139,140,141,143,143,146,146,149,149,151,152,151,153,156,158,160,163,165,175,182,188,193,194,195,194,194,199,202,206,210,214,219,220,223,229,230,233,238,237,239,239,240,244,241,243,246,243,245,245,245,252,255,259,270,275,283,293,302,308,309,315,319,318,328,333,333,341,345,350,358,356,357,355,355,354,358,358,365,362,365,369,365,379,374,372,378,372,376,371,374,376,374,377,378,376,378,380,381,388,383,380,383,380,378,376,377,380,374,373,375,373,378,376,379,379,377,372,376,370,373,372,368,370,366,362,362,362,366,360,355,363,356,357,360,350,352,347,344,345,339,336,335,331,327,324,322,322,314,313,311,309,311,310,306,306,305,301,301,300,300,297,290,291,286,287,285,278,278,275,272,274,270,272,273,269,268,267,262,264,261,256,260,255,251,250,-8156010,-8158596,-8152054,-8146394,-8157504,-8147339,-8154947,-8151996,-8144504,-8151205,-8151594,-8156061,-8145734,-8158510,-8152104,-8153130,15,0,35,30
143,143,139,143,139,141,142,139,141,140,136,140,136,139,138,135,138,136,136,138,134,137,135,133,137,134,134,136,135,136,134,134,135,134,132,135,133,136,135,134,134,132,133,135,133,134,135,134,136,135,134,134,135,135,133,134,135,133,134,136,132,134,135,133,135,134,134,136,134,136,135,134,135,134,134,137,132,134,137,133,136,135,132,136,134,135,135,133,137,136,138,142,141,142,140,138,141,140,138,139,139,139,140,141,143,143,142,146,146,149,150,151,154,151,153,157,159,162,164,166,176,184,188,197,195,196,199,197,203,208,210,217,218,225,226,231,235,239,240,244,244,247,249,247,249,251,252,254,251,254,255,253,256,261,268,278,285,297,303,310,318,322,323,329,331,334,342,345,351,360,360,368,364,370,369,364,370,370,369,374,371,377,378,383,386,384,384,387,386,386,383,385,385,386,386,391,391,393,389,395,398,400,390,397,392,389,387,389,390,385,385,388,386,388,388,386,388,389,385,392,383,385,383,376,379,375,374,372,371,374,370,365,370,366,365,365,357,358,357,350,353,345,342,343,337,334,329,330,328,325,322,318,314,317,315,313,313,310,307,309,304,302,301,298,298,292,290,288,286,284,280,276,282,278,274,277,275,273,271,267,271,265,262,266,260,258,254,-8157597,-8159658,-8153083,-8148283,-8159139,-8149379,-8156782,-8153702,-8146675,-8153194,-8153486,-8157918,-8147760,-8159679,-8153399,-8154915,15,0,35,30
143,141,139,143,138,140,140,138,140,140,137,140,135,138,138,133,137,134,134,137,135,136,135,133,136,133,134,135,135,136,133,133,134,133,132,135,132,136,133,133,134,132,132,135,134,133,135,135,137,135,135,135,134,134,133,134,135,132,133,135,132,134,135,134,134,135,134,136,135,134,136,134,135,134,133,135,133,133,137,133,134,135,133,136,134,133,135,133,137,136,139,143,142,142,141,140,141,139,138,139,138,139,139,138,141,141,141,146,143,147,149,148,153,150,151,155,155,157,161,164,175,182,185,193,190,191,190,189,196,196,202,204,208,213,214,216,219,224,225,230,229,236,232,230,234,235,235,239,234,236,236,236,242,244,248,260,265,276,283,292,297,300,299,308,312,318,324,324,328,334,338,346,343,347,345,343,346,348,345,351,352,357,357,357,363,360,363,366,364,364,359,359,364,361,362,366,364,371,372,373,372,374,366,373,368,369,365,367,369,366,365,367,366,370,370,367,370,369,365,368,359,364,364,359,360,357,353,358,355,357,352,347,351,353,348,346,343,344,341,334,336,330,327,329,323,321,315,316,314,311,306,306,303,302,304,301,300,298,298,296,292,291,289,286,286,286,281,279,275,276,270,264,274,267,262,267,263,262,262,259,260,256,257,257,251,251,246,-8154143,-8156982,-8150548,-8143860,-8155561,-8145489,-8152983,-8149884,-8142254,-8149033,-8149701,-8154226,-8143471,-8157056,-8150459,-8151266,15,0,35,30
144,143,140,143,141,142,141,139,141,140,135,140,137,139,139,136,136,135,137,137,135,137,137,132,136,133,134,134,134,137,135,133,136,134,133,135,134,136,133,133,135,134,133,135,133,134,134,135,137,135,135,135,134,135,134,133,135,134,134,136,132,135,135,133,136,134,134,136,136,136,135,134,135,135,133,137,133,135,136,133,136,136,133,136,135,134,135,135,137,136,138,141,140,142,141,138,141,140,139,139,140,139,139,140,142,142,142,146,145,146,149,149,152,151,152,156,156,161,165,164,174,182,187,196,193,193,195,196,202,205,211,216,219,223,226,230,232,238,240,243,243,246,248,245,250,251,249,252,248,253,251,250,256,260,265,277,283,291,299,307,318,321,323,328,330,337,339,343,352,359,357,368,366,370,367,368,367,374,368,373,372,379,379,383,385,391,386,390,384,388,386,383,385,385,386,392,393,393,396,397,397,393,391,394,390,389,387,389,390,387,388,392,387,391,389,387,391,388,387,389,382,387,384,376,383,380,377,374,374,374,371,367,370,367,366,365,358,362,360,351,352,344,343,341,341,335,331,329,327,323,321,321,316,318,316,311,314,312,309,307,305,305,302,297,299,294,290,294,285,286,284,278,283,277,274,279,271,274,270,267,270,267,263,265,260,257,254,-8157095,-8159477,-8152855,-8147766,-8158474,-8148478,-8156052,-8153054,-8145737,-8152389,-8152621,-8157096,-8147018,-8159290,-8153052,-8154241,15,0,35,30
144,141,139,143,139,142,140,139,141,140,136,140,135,139,138,134,137,135,136,138,133,137,136,133,136,134,134,135,135,134,135,134,135,134,133,134,133,135,134,133,132,133,135,135,133,134,135,135,137,136,134,136,134,135,133,133,135,134,134,136,133,134,134,134,136,134,133,136,135,136,136,134,135,134,134,137,134,135,137,133,135,136,132,136,134,134,135,133,137,136,138,143,143,142,143,139,142,138,138,140,138,139,140,139,142,142,141,146,144,147,150,149,152,150,151,156,157,159,162,164,176,183,190,196,194,194,194,193,199,202,206,209,211,219,220,218,228,231,230,238,234,239,238,237,242,242,242,245,242,245,244,244,250,254,256,269,272,283,297,300,307,309,310,317,323,328,333,336,343,349,349,356,357,359,358,354,359,356,357,364,362,368,372,368,374,375,374,377,371,377,375,372,376,371,376,380,380,380,382,385,386,384,380,387,381,378,380,380,381,374,374,379,374,382,379,378,382,378,375,379,376,378,374,372,369,370,365,369,366,366,362,358,363,360,358,356,349,353,351,343,348,337,336,335,331,328,323,322,323,317,317,313,313,311,313,307,307,306,302,304,298,301,296,291,294,289,287,287,280,280,278,275,276,272,271,274,270,271,269,265,263,262,259,259,254,256,252,-8154866,-8157562,-8151050,-8144801,-8156424,-8146356,-8153940,-8150775,-8143454,-8150313,-8150830,-8155260,-8144437,-8157648,-8151087,-8152181,15,0,35,30
144,140,140,143,138,142,140,140,140,139,136,139,136,139,139,135,137,135,134,137,134,135,135,132,137,135,134,135,134,134,135,133,135,133,133,135,132,136,134,134,134,133,133,135,133,133,135,134,137,136,135,135,134,135,134,134,135,134,134,136,133,134,135,134,135,135,133,136,135,136,136,134,136,134,133,136,133,136,135,133,135,135,133,136,134,133,136,134,137,137,140,144,144,143,143,139,141,139,137,139,139,139,140,139,142,142,141,146,145,147,149,149,152,150,150,155,153,158,161,162,174,182,187,194,193,191,191,190,196,199,202,205,207,211,212,214,220,222,222,230,225,232,233,230,234,236,235,237,234,235,236,235,240,243,248,259,263,272,281,288,296,302,301,311,311,315,319,322,329,337,334,342,344,346,345,342,344,347,346,350,348,352,353,354,362,356,361,366,360,363,360,361,361,359,361,368,370,369,367,376,372,373,367,372,368,370,369,365,367,365,365,369,368,369,366,368,367,370,366,369,362,368,363,357,360,359,356,355,353,356,352,350,354,349,348,346,341,341,341,335,336,329,325,327,322,319,314,315,315,309,308,306,303,305,301,299,301,298,294,295,291,290,289,284,287,282,279,280,274,276,272,269,269,267,265,269,264,265,263,261,263,257,252,257,250,252,246,-8152784,-8155890,-8149401,-8142001,-8154269,-8144117,-8151693,-8148312,-8140575,-8147722,-8148464,-8152962,-8141754,-8155880,-8149276,-8149927,15,0,35,30
144,142,140,145,140,141,141,139,142,140,138,140,136,140,138,134,137,136,136,137,133,136,137,134,136,134,134,136,135,136,134,134,136,134,133,136,132,136,134,135,134,133,134,136,133,134,136,136,137,135,135,135,135,136,135,134,135,134,134,137,132,135,135,133,135,136,135,137,136,136,136,134,135,135,133,137,133,135,137,133,136,136,133,136,134,134,135,134,138,137,140,143,143,143,142,140,141,140,139,141,140,140,141,140,142,144,144,147,146,149,151,152,153,151,153,158,159,161,166,168,178,188,192,200,198,198,199,199,205,210,216,216,221,227,229,233,238,239,238,247,245,248,247,246,252,251,250,254,251,252,256,252,260,264,269,282,283,295,304,310,319,324,326,328,330,338,344,347,352,360,359,368,369,373,368,369,371,376,371,376,373,381,381,382,387,386,381,388,387,387,383,386,388,386,386,395,391,390,393,395,394,395,390,396,390,391,389,388,390,382,383,388,390,392,390,389,389,389,386,388,386,383,384,375,380,376,374,376,376,374,370,365,371,364,363,366,356,360,355,350,353,347,342,341,336,338,330,330,330,323,318,318,315,320,315,310,313,311,308,307,304,305,299,299,299,294,290,293,284,285,283,275,281,276,274,277,272,274,275,270,270,265,261,268,258,258,253,-8157966,-8159996,-8153310,-8148900,-8159282,-8149488,-8156878,-8153935,-8146938,-8153414,-8153451,-8158051,-8148285,-8159992,-8153839,-8155217,15,0,35,30
144,143,141,143,140,140,140,139,141,141,137,140,136,139,138,134,137,136,136,137,135,136,135,133,137,134,134,135,135,136,134,134,136,135,133,135,133,135,134,134,133,132,133,135,134,134,135,135,138,136,134,136,135,135,134,134,136,134,135,136,133,135,134,134,135,135,134,137,136,136,137,135,135,134,133,137,134,134,137,133,136,136,133,136,135,135,136,133,137,137,139,144,143,144,143,140,141,140,138,140,141,141,141,140,142,141,142,148,146,148,150,151,154,151,152,157,158,159,165,166,176,185,190,200,196,197,197,196,203,205,210,215,218,224,224,229,234,234,235,243,239,246,244,242,249,247,248,251,249,250,250,247,254,259,263,275,282,293,301,310,312,320,315,326,327,334,338,343,350,353,357,365,362,367,365,363,368,367,367,367,371,373,373,376,384,381,382,389,381,384,383,377,383,383,381,385,386,390,389,390,393,390,387,393,387,385,382,385,388,384,386,388,383,390,388,389,385,384,382,384,382,382,383,375,379,373,372,375,372,372,365,366,370,363,362,364,358,360,355,350,354,344,339,341,338,333,329,328,324,322,319,316,312,316,314,311,312,311,304,304,303,302,301,295,296,293,292,290,281,285,280,279,282,274,270,275,270,272,272,267,271,265,260,266,260,254,254,-8156678,-8159101,-8152478,-8147264,-8158036,-8147918,-8155519,-8152606,-8145329,-8151959,-8152193,-8156696,-8146617,-8159059,-8152749,-8153892,15,0,35,30
144,142,139,144,140,141,140,138,141,139,138,139,135,139,138,135,138,135,135,136,135,136,136,133,136,135,134,135,135,136,135,134,135,135,133,136,132,136,134,133,133,134,132,135,133,134,135,135,137,135,135,136,134,134,133,133,135,134,134,136,133,135,134,133,135,134,134,137,136,136,136,133,135,135,134,137,133,135,138,133,135,136,132,137,134,134,134,134,137,137,139,144,144,143,141,140,140,139,138,140,140,140,139,139,142,141,142,147,144,147,150,151,154,151,152,157,156,160,164,165,174,183,189,194,194,194,196,196,200,201,206,213,215,219,220,223,228,230,230,239,235,240,239,239,242,244,242,244,244,245,246,244,250,256,257,271,275,281,290,300,310,310,311,315,321,327,333,336,343,347,348,355,353,358,357,358,355,359,357,364,362,366,370,369,375,377,373,379,378,373,373,373,377,375,378,383,380,382,381,385,385,384,385,385,379,381,376,380,380,377,376,377,379,382,383,380,381,381,378,376,375,377,373,368,370,370,364,369,364,368,362,360,362,359,360,358,350,355,347,344,343,342,332,334,333,331,325,325,324,318,313,312,310,313,311,307,305,306,301,303,298,302,300,293,292,290,286,287,279,283,279,272,276,271,269,272,269,269,269,263,266,261,259,261,257,253,253,-8155450,-8157915,-8151483,-8145543,-8156779,-8146730,-8154286,-8151278,-8143886,-8150497,-8151004,-8155496,-8145121,-8158119,-8151626,-8152624,15,0,35,30
143,142,140,144,139,141,141,140,142,140,136,140,137,139,138,134,137,135,135,138,135,136,136,132,138,133,135,135,135,136,135,133,135,135,134,136,134,136,134,133,135,133,133,135,133,134,136,135,138,136,134,136,134,134,133,134,136,133,135,136,133,135,134,133,136,135,134,137,135,136,136,135,136,134,133,138,133,135,138,134,135,137,132,138,136,134,135,133,138,137,139,142,142,142,142,139,141,140,138,140,139,138,141,141,143,142,143,149,145,148,151,152,153,152,153,158,159,161,165,167,177,186,189,199,195,199,198,199,207,208,213,217,220,222,228,231,238,241,241,247,243,250,249,248,253,252,253,253,251,254,255,254,259,261,268,283,287,297,301,313,322,327,324,330,336,341,344,348,355,364,359,368,370,371,375,368,375,375,370,378,376,384,386,384,389,390,392,394,390,391,386,387,391,389,389,391,395,395,393,401,400,397,398,399,394,397,392,391,394,387,390,393,390,394,392,393,394,394,392,393,383,390,388,378,382,379,379,377,376,377,375,370,372,373,365,367,362,364,359,354,355,351,343,344,343,338,333,331,330,326,323,323,319,319,318,316,318,311,309,311,306,305,302,300,299,295,292,292,287,288,286,281,283,276,273,281,276,274,273,270,272,269,265,270,260,263,257,-8157266,-8159560,-8152978,-8148043,-8158713,-8148682,-8156114,-8153272,-8146047,-8152495,-8152799,-8157333,-8147285,-8159493,-8153247,-8154497,15,0,35,30
144,141,138,144,139,141,141,138,141,140,137,140,136,139,139,134,138,135,135,137,133,136,136,134,137,134,134,136,135,136,134,134,135,134,133,136,133,135,134,133,134,132,133,135,132,134,134,134,136,136,136,136,134,135,133,134,135,133,134,136,133,134,135,134,134,135,134,136,135,135,136,135,136,134,134,137,134,134,137,134,136,136,132,137,135,134,134,133,138,138,139,143,143,142,142,139,140,138,138,140,139,139,140,139,142,143,142,147,144,146,149,150,152,150,152,156,156,159,163,164,176,183,186,195,193,193,193,192,198,202,206,209,213,216,217,220,228,231,233,237,236,238,240,236,242,242,243,245,241,244,245,245,250,252,257,268,273,284,290,298,307,311,312,316,320,328,332,334,341,347,347,356,354,357,356,354,357,356,354,361,361,365,368,368,373,374,370,374,372,375,373,370,375,374,374,378,377,381,382,381,384,386,380,384,376,381,378,377,379,376,376,377,375,381,377,379,381,379,376,377,372,376,373,368,372,369,365,370,368,364,364,357,362,360,359,356,351,349,352,345,344,339,332,335,332,330,326,323,323,314,314,313,309,313,311,305,307,305,303,306,300,296,296,292,292,289,286,286,282,280,278,270,275,273,271,271,269,269,271,263,265,262,259,262,257,254,251,-8155171,-8157825,-8151385,-8145220,-8156589,-8146493,-8154054,-8151035,-8143520,-8150253,-8150807,-8155237,-8144765,-8157969,-8151433,-8152320,15,0,35,30
144,139,136,140,136,138,137,136,139,139,135,139,135,137,136,134,136,134,135,135,133,136,134,131,135,134,133,134,134,135,134,132,135,134,133,134,133,135,133,133,133,133,133,135,134,134,137,137,138,138,135,136,135,135,134,132,135,134,135,137,131,135,135,134,136,135,134,139,138,138,138,136,137,134,133,137,133,134,136,132,135,136,131,135,134,132,133,134,138,139,144,151,153,151,149,141,142,138,137,137,137,137,138,136,140,140,140,145,142,146,149,149,151,149,149,150,150,153,155,156,171,180,187,195,187,185,179,178,181,181,184,187,187,191,189,189,195,195,196,201,200,203,203,201,205,205,201,207,203,205,205,204,209,211,212,225,226,234,240,248,251,254,257,258,261,267,274,272,279,286,287,292,291,294,295,290,292,294,291,297,294,297,303,301,306,309,305,307,306,305,304,303,307,305,306,311,307,311,314,311,316,315,310,317,312,311,311,313,314,311,307,311,312,315,314,314,315,314,313,317,312,312,313,306,311,307,306,308,304,306,303,299,306,303,298,303,294,299,295,289,290,287,285,285,283,280,277,274,275,273,267,268,266,269,267,263,265,262,258,259,257,257,253,253,256,252,248,248,244,241,245,237,240,238,238,240,233,236,236,234,235,229,227,231,224,225,221,-8147131,-8151216,-8144724,-8134240,-8148721,-8137413,-8146037,-8141946,-8134011,-8141749,-8143365,-8147501,-8134938,-8151338,-8144322,-8144516,15,0,35,30
144,141,139,144,139,140,139,138,141,139,136,140,136,139,137,135,136,135,136,137,132,137,136,133,136,135,135,135,134,135,134,133,136,133,133,135,132,136,134,133,134,133,133,136,134,134,135,135,137,136,134,134,134,135,134,132,136,133,134,136,132,134,135,133,135,134,133,137,136,136,136,134,136,134,133,137,133,134,137,134,136,136,133,137,135,134,135,133,136,136,141,144,145,143,144,140,140,140,138,139,139,139,140,139,141,141,142,146,144,147,149,150,152,151,151,155,154,157,162,161,175,184,189,197,193,192,192,192,194,196,202,206,207,213,212,214,218,222,223,226,225,229,229,229,231,233,231,233,232,234,233,234,240,242,245,257,259,270,280,282,291,297,299,301,304,309,314,317,325,329,330,338,342,345,340,337,339,340,342,346,346,348,348,349,357,357,359,360,359,356,353,354,354,358,358,359,359,361,363,365,369,369,360,368,361,361,358,361,362,360,359,362,360,363,363,362,365,363,361,363,355,362,358,352,352,353,349,350,351,348,347,342,348,347,342,343,335,338,334,330,334,326,321,321,318,317,311,312,306,306,303,303,296,301,299,295,297,293,288,291,289,286,286,283,284,277,274,275,272,269,270,263,269,260,262,268,261,261,258,255,260,255,252,252,248,247,244,-8153196,-8156541,-8150108,-8142789,-8154443,-8144184,-8151879,-8148682,-8140925,-8148080,-8148709,-8153219,-8142222,-8156429,-8149963,-8150153,15,0,35,30
144,141,140,145,139,142,141,138,141,139,136,139,136,138,138,135,138,136,135,138,134,136,135,134,136,134,135,135,134,136,135,133,135,134,133,136,134,135,133,133,134,132,134,137,134,134,135,134,137,135,134,136,133,135,135,134,136,134,134,135,133,134,135,134,135,135,134,138,136,136,136,134,134,134,134,136,132,135,137,132,136,136,133,136,134,134,135,135,138,136,139,143,143,141,141,139,142,140,139,141,140,139,140,141,143,143,143,148,146,148,151,151,155,151,154,158,158,163,165,169,179,185,191,198,197,197,198,200,205,207,213,218,219,225,228,231,236,239,243,246,245,250,251,247,251,251,253,255,252,253,256,253,258,262,268,280,285,294,304,311,319,322,321,329,335,337,341,344,351,359,364,367,366,371,366,372,371,371,369,371,375,380,381,379,386,385,383,392,388,390,384,386,388,386,388,389,389,391,392,395,399,395,390,397,390,392,385,389,390,386,386,392,388,392,388,388,391,387,386,388,382,388,384,379,376,377,373,378,373,374,370,366,370,368,364,362,358,359,358,352,353,346,343,340,337,336,330,330,330,323,322,317,318,321,319,313,314,311,305,309,303,303,301,297,298,293,292,290,286,286,283,278,280,277,272,276,274,273,273,270,268,265,263,266,258,259,252,-8157897,-8159965,-8153223,-8148821,-8159186,-8149299,-8156759,-8153799,-8146545,-8153195,-8153166,-8157819,-8148047,-8159816,-8153676,-8154977,15,0,35,30
143,142,140,143,139,142,141,138,141,141,138,140,136,140,140,135,137,135,136,137,134,137,136,134,137,135,135,136,134,136,135,133,135,134,132,134,134,135,134,133,134,134,134,136,133,133,135,133,136,134,134,135,133,134,133,133,135,133,134,135,132,134,135,134,135,134,134,136,135,136,136,134,135,134,134,137,133,135,137,134,136,137,132,136,134,134,136,134,137,135,137,139,140,139,140,138,142,141,139,141,142,142,142,142,144,143,145,150,146,149,153,151,155,153,154,159,162,165,170,172,177,183,188,194,194,199,203,202,210,215,220,225,227,235,234,240,249,250,251,257,256,257,260,258,263,263,263,266,261,262,265,263,270,275,279,290,297,305,314,322,330,333,335,340,346,351,354,355,364,368,368,379,375,378,377,376,380,379,382,386,381,388,389,391,395,396,393,400,394,398,394,391,394,393,395,398,396,403,402,403,404,404,399,406,397,397,392,396,400,392,392,396,396,396,394,396,396,392,390,396,388,390,387,382,383,381,377,380,378,378,376,368,371,369,365,366,357,362,357,353,355,348,344,345,339,337,332,332,330,327,318,323,318,321,317,315,315,314,308,311,305,307,302,298,299,295,293,293,288,285,283,280,284,278,275,280,276,276,277,270,270,264,264,268,261,259,256,-8159851,-8161682,-8154830,-8152223,-8160576,-8151645,-8158844,-8156192,-8148793,-8155473,-8154578,-8159785,-8151135,-8161502,-8155442,-8156868,15,0,35,30
144,142,140,145,139,142,141,139,142,139,137,142,137,139,139,135,138,136,136,137,134,137,137,135,137,135,134,136,136,136,134,134,135,133,132,135,133,135,133,134,135,133,134,135,133,135,135,134,136,135,136,134,135,135,135,134,135,133,132,135,133,135,134,134,136,134,133,135,135,135,135,134,134,134,133,136,135,135,137,133,136,136,134,137,136,134,137,133,137,137,137,140,139,138,138,138,141,141,139,141,141,141,142,140,144,145,144,149,145,148,150,150,153,152,153,159,161,165,167,170,176,179,185,193,191,196,198,199,207,209,214,220,224,229,232,235,243,245,247,254,251,255,254,253,258,257,258,261,257,261,261,259,264,270,272,286,292,302,312,318,324,330,331,336,340,343,355,353,359,366,365,369,371,375,378,372,376,377,374,383,378,385,388,389,393,395,392,392,390,392,389,388,394,390,398,395,393,397,399,400,403,397,395,399,393,396,393,389,393,390,388,391,393,394,391,390,392,392,390,390,386,389,387,380,381,377,375,381,380,379,372,370,372,375,366,368,361,358,362,357,354,350,341,341,338,333,331,330,333,325,322,319,319,320,316,312,315,311,310,309,305,305,301,297,296,294,291,289,288,287,283,278,283,278,274,277,275,272,272,267,270,267,263,267,263,259,255,-8159026,-8160844,-8153979,-8150589,-8160094,-8150714,-8158024,-8155186,-8148128,-8154662,-8154250,-8159221,-8149923,-8160711,-8154743,-8156225,15,0,35,30
144,140,140,143,138,141,141,139,142,139,136,139,137,138,138,136,137,135,136,137,134,136,136,133,137,133,134,136,135,136,134,134,135,134,131,136,133,137,134,133,134,133,133,136,134,134,135,137,138,137,135,135,135,135,134,134,136,134,134,136,132,135,136,134,136,136,135,137,137,138,139,135,137,136,133,137,133,135,137,133,137,135,133,136,135,135,135,135,139,139,144,151,150,151,150,143,144,142,139,142,140,140,141,141,144,146,145,152,149,153,155,155,158,159,157,163,163,166,170,173,186,197,205,215,209,207,204,205,208,212,215,220,220,223,227,228,234,239,236,243,243,247,246,242,247,248,249,252,248,248,250,248,253,259,262,272,277,287,296,300,306,310,312,315,317,323,329,330,338,346,346,352,352,354,353,350,351,351,351,357,355,360,362,361,369,366,365,371,364,365,362,361,368,364,365,366,366,369,367,373,373,370,367,372,368,366,363,368,368,366,365,364,363,365,366,363,364,366,365,367,361,363,359,355,354,356,350,354,350,352,348,344,346,347,343,342,335,339,334,329,333,326,321,324,317,315,311,310,309,307,300,304,300,298,298,293,295,294,289,290,286,287,285,277,278,277,271,278,272,272,270,262,268,262,260,262,261,261,259,256,257,254,249,254,246,248,244,-8161437,-8162950,-8156263,-8154022,-8162218,-8153618,-8160354,-8157913,-8150985,-8157177,-8156714,-8161486,-8153227,-8162969,-8156994,-8158659,15,0,35,30
144,141,139,144,139,142,141,139,141,139,137,141,136,139,139,134,137,135,135,139,134,137,136,133,137,134,134,135,134,136,134,133,135,134,134,134,133,135,133,133,134,132,132,137,134,133,134,134,138,135,134,136,135,135,135,133,136,135,134,136,132,136,134,134,136,135,134,137,136,136,137,134,136,134,133,136,133,135,137,133,135,136,134,137,135,135,136,135,139,139,143,148,149,148,146,143,144,143,141,142,143,143,144,145,148,149,148,152,153,157,158,159,162,160,160,168,168,172,176,181,192,200,210,217,215,215,215,213,220,223,226,234,234,240,244,245,250,253,253,258,260,262,261,261,267,265,264,269,266,268,268,268,269,277,278,290,294,304,313,320,324,329,329,334,336,343,350,348,355,361,363,369,368,368,369,371,367,371,368,373,371,377,379,378,384,383,382,386,381,385,377,378,381,379,379,381,382,381,385,385,387,386,383,389,381,383,378,380,381,377,378,375,376,381,379,377,380,378,373,375,367,371,370,364,366,363,361,363,359,360,356,353,359,355,355,349,344,346,344,339,338,334,331,331,325,322,317,316,316,313,308,304,305,305,304,302,301,302,299,296,291,292,291,285,286,284,282,278,277,277,275,264,272,267,263,266,263,264,260,257,261,257,255,256,250,250,246,-8164468,-8165233,-8158352,-8158903,-8164873,-8157553,-8163628,-8160740,-8154609,-8160828,-8159284,-8164103,-8157669,-8165110,-8159332,-8161689,15,0,35,30
144,142,138,144,139,141,140,138,142,139,136,139,136,138,138,133,138,135,135,137,134,137,137,133,137,134,134,135,135,136,134,134,135,134,132,135,133,135,134,132,134,132,134,136,132,134,135,134,137,136,135,134,133,136,134,134,135,132,134,136,132,135,135,133,136,135,133,136,136,137,136,134,135,135,134,138,133,134,136,133,136,135,133,135,135,134,135,135,139,138,139,144,146,144,144,140,143,140,140,141,141,142,143,141,145,146,145,151,148,152,154,154,158,156,157,163,163,166,170,173,184,191,197,203,200,202,199,202,206,209,213,219,220,225,227,231,238,239,241,244,244,247,248,247,248,249,250,254,249,254,255,252,255,259,264,273,278,290,296,302,312,313,314,318,319,326,330,332,340,344,343,352,349,352,354,351,352,355,353,355,356,361,360,361,369,367,364,369,365,365,361,362,367,367,368,368,368,369,373,374,375,376,371,373,368,368,367,368,369,365,362,367,362,368,369,366,363,365,364,365,358,363,357,355,357,353,350,352,351,349,347,343,348,341,342,342,335,340,335,328,329,328,322,321,316,314,310,309,313,305,303,303,299,302,297,292,296,293,292,293,290,287,286,281,283,278,273,274,270,272,269,263,269,262,259,264,258,262,261,254,256,253,248,254,248,245,243,-8162796,-8164044,-8157444,-8156075,-8163408,-8155280,-8161766,-8159487,-8152623,-8158648,-8157915,-8162782,-8155063,-8164152,-8158159,-8159996,15,0,35,30
144,138,136,140,137,140,138,136,138,137,133,138,134,137,136,134,136,134,133,136,133,136,135,132,134,133,133,134,134,135,134,132,134,133,133,136,132,136,134,132,134,134,134,136,133,133,137,136,139,139,137,135,134,135,135,135,135,134,134,136,133,135,135,134,136,136,135,139,139,140,139,137,138,134,134,136,133,134,136,133,135,136,133,137,135,134,135,134,138,141,147,157,158,157,153,147,144,141,140,139,139,140,140,138,143,142,143,150,148,150,154,155,157,154,154,157,156,159,161,166,180,195,203,211,204,197,193,189,193,193,196,199,199,202,198,199,205,204,205,211,209,212,212,210,216,214,214,216,213,219,215,214,221,222,225,235,236,243,246,255,258,264,262,265,267,271,276,277,283,289,290,298,294,301,298,298,297,295,292,297,297,301,302,303,307,305,307,311,305,308,305,306,307,306,307,309,309,312,312,316,318,313,313,316,311,311,309,311,314,311,307,310,310,310,311,311,311,309,310,310,305,306,309,303,304,302,298,303,300,300,298,296,297,296,294,299,290,293,289,284,286,283,277,282,276,275,272,269,272,266,264,263,260,264,263,260,259,258,254,256,254,253,252,246,249,246,243,244,239,239,239,234,237,235,229,234,232,233,232,227,228,226,223,228,222,220,218,-8159452,-8161372,-8154914,-8151135,-8160771,-8151488,-8158378,-8155650,-8148945,-8155212,-8155365,-8159568,-8150701,-8161649,-8155444,-8156958,15,0,35,30
144,141,139,144,140,142,141,138,142,139,136,140,136,139,138,136,138,135,136,137,134,136,136,133,136,134,134,135,135,135,135,134,135,133,134,134,134,136,133,133,133,133,133,135,133,135,135,135,137,136,135,135,134,135,133,134,136,133,134,136,132,135,135,134,136,134,135,137,135,136,138,136,136,135,133,137,133,134,137,133,136,137,133,137,134,135,136,136,139,139,143,147,149,150,148,144,146,144,142,145,143,143,144,144,147,149,147,154,152,156,159,159,162,162,161,168,168,172,176,180,193,201,209,221,217,215,214,215,219,222,228,232,232,241,241,244,251,253,253,258,257,259,259,259,262,262,266,265,264,262,265,264,269,273,276,289,295,304,312,316,326,327,327,332,335,340,347,347,356,357,360,367,363,369,367,362,365,368,365,366,370,370,376,376,376,378,380,384,378,380,375,374,377,378,378,378,382,378,380,381,381,384,379,382,376,377,376,375,375,372,372,376,372,375,375,374,373,374,367,373,365,367,363,361,362,358,357,359,357,357,354,347,352,351,346,349,342,345,336,335,337,330,325,326,324,322,316,313,312,308,305,306,302,305,301,296,297,298,293,292,292,291,286,281,284,280,280,278,272,272,272,266,269,265,262,263,259,261,261,256,261,258,254,253,251,247,243,-8164608,-8165158,-8158374,-8159125,-8165046,-8157938,-8163901,-8160826,-8154933,-8161137,-8159614,-8164474,-8157920,-8165186,-8159449,-8161914,15,0,35,30
144,139,137,143,138,140,139,137,140,139,136,139,135,138,136,135,137,135,134,137,133,137,136,133,135,134,135,135,135,135,134,133,135,133,133,135,132,136,133,132,134,133,134,136,132,134,136,136,138,137,135,136,135,134,133,134,136,133,134,136,132,134,136,134,135,135,134,138,138,140,138,136,136,134,134,136,132,134,137,134,136,136,133,137,134,134,135,135,138,139,144,150,151,152,148,145,144,141,139,141,141,140,140,139,144,144,144,150,150,152,154,156,159,154,155,160,161,163,167,169,184,197,202,210,205,201,197,196,202,202,206,209,210,215,214,216,218,223,224,229,226,231,232,228,232,233,231,234,232,235,234,235,236,244,245,254,258,266,271,279,283,288,289,294,294,301,308,304,311,318,317,327,323,328,324,322,325,326,322,329,327,329,335,332,338,337,334,337,335,337,336,334,336,338,339,342,339,341,341,345,349,344,341,345,341,340,337,339,339,340,336,340,338,339,339,342,336,338,338,341,332,337,336,332,332,327,326,331,328,328,326,321,325,322,321,320,314,315,313,308,311,305,301,301,298,297,294,291,292,285,284,284,282,283,282,279,279,277,272,277,271,272,269,266,268,263,261,261,257,257,255,248,255,249,249,249,246,247,246,243,243,240,236,239,234,233,232,-8160798,-8162353,-8155833,-8152989,-8161830,-8152986,-8159745,-8157098,-8150312,-8156472,-8156347,-8160880,-8152315,-8162480,-8156446,-8158034,15,0,35,30
144,138,135,139,135,138,138,135,138,136,133,137,133,137,136,132,135,133,133,135,133,135,134,131,134,132,133,134,134,134,132,133,133,132,133,135,133,136,134,133,134,133,134,136,133,135,141,144,146,147,142,138,137,138,137,136,138,138,136,139,136,138,139,136,138,138,139,145,148,150,148,145,143,140,135,138,134,135,137,133,135,136,132,136,134,134,135,135,140,144,154,167,170,170,162,150,147,142,138,139,138,137,137,138,139,140,140,147,147,150,153,152,155,152,151,154,152,152,154,158,172,186,192,201,194,186,179,176,178,178,180,184,180,183,183,183,185,185,186,192,189,193,192,189,192,192,192,196,191,194,195,193,196,198,198,208,210,215,221,224,228,230,232,235,234,239,242,244,247,253,253,258,259,259,259,257,258,258,256,262,259,262,263,264,267,267,265,269,267,267,265,264,268,266,267,271,268,269,269,274,277,272,269,275,269,269,270,271,269,270,269,271,269,274,274,270,272,273,270,274,267,272,269,267,265,268,264,268,267,266,263,260,266,262,260,262,259,259,258,252,254,253,249,249,248,245,242,240,243,238,238,238,235,235,236,233,233,233,228,231,226,227,229,222,225,223,219,218,219,217,216,213,217,211,209,215,210,211,210,207,209,208,204,208,202,203,202,-8156821,-8159391,-8153052,-8147834,-8158367,-8148928,-8155827,-8153001,-8145955,-8152406,-8153013,-8157067,-8147665,-8159725,-8153161,-8154359,15,0,35,30
143,143,140,143,140,140,140,140,141,140,136,140,136,140,138,134,137,136,136,137,133,136,135,133,137,134,134,135,135,135,134,133,135,133,132,135,132,136,133,134,134,132,133,136,133,133,134,134,136,133,133,134,134,135,135,133,135,133,134,136,132,134,135,134,136,133,133,135,135,134,134,135,135,133,133,137,133,135,138,134,136,136,133,137,135,136,135,135,138,137,138,141,140,140,140,140,144,142,142,145,145,144,145,144,147,148,148,152,150,152,155,154,158,158,161,165,166,173,176,176,184,189,191,199,198,203,205,209,216,218,221,229,229,237,239,246,251,252,254,258,258,261,260,260,262,263,264,268,263,266,265,265,271,274,278,287,292,301,310,315,320,322,324,326,329,339,340,341,349,350,356,359,359,361,361,357,361,364,358,365,363,368,367,368,370,374,374,373,375,374,373,372,373,372,370,376,374,375,377,377,382,377,375,377,374,371,367,364,371,367,366,372,367,369,370,370,366,367,362,365,361,364,361,354,355,350,351,350,348,355,348,343,348,345,338,340,334,333,331,329,331,323,317,319,312,315,310,307,307,302,299,300,297,299,296,293,295,292,287,289,284,281,283,278,282,274,272,276,270,268,267,261,265,262,260,261,258,258,260,254,254,251,251,250,244,245,241,-8164509,-8165021,-8158223,-8159747,-8164900,-8158081,-8163898,-8160712,-8154973,-8161375,-8159513,-8164437,-8158491,-8165107,-8159398,-8161863,15,0,35,30
144,143,139,144,139,141,141,138,142,140,137,140,136,137,138,134,137,134,135,137,134,137,137,133,135,133,134,136,135,135,135,133,135,133,133,134,132,136,134,133,133,133,133,137,133,134,135,135,137,136,135,134,134,134,133,133,135,134,134,136,131,134,135,133,134,135,133,136,135,137,136,135,137,135,134,138,134,136,137,135,137,136,133,138,135,134,135,135,139,139,141,146,147,146,145,144,145,143,140,143,145,142,143,142,147,147,146,152,151,156,155,157,161,159,161,165,166,171,174,178,189,200,207,215,211,213,210,211,216,221,223,229,231,236,237,240,246,248,250,255,254,257,258,256,261,262,262,262,261,264,265,266,269,270,274,289,291,304,310,317,322,326,328,330,334,335,343,346,350,356,360,367,365,370,365,366,367,369,365,370,370,373,373,374,384,376,377,381,380,377,376,374,382,376,377,381,383,382,380,384,389,388,381,387,379,382,380,377,380,373,373,377,375,380,375,378,376,376,373,373,368,371,371,365,363,363,358,365,360,357,356,354,357,354,349,349,343,342,342,336,338,332,329,329,327,320,317,317,314,313,307,307,304,305,304,299,303,300,295,297,291,293,291,284,286,281,281,281,276,275,273,269,270,264,263,270,264,264,265,259,263,259,255,258,251,252,249,-8163764,-8164806,-8157938,-8157531,-8164257,-8156571,-8162843,-8160116,-8153827,-8159866,-8158697,-8163605,-8156470,-8164749,-8158891,-8160911,15,0,35,30
144,140,137,141,137,141,139,137,141,139,135,139,135,138,137,134,137,134,136,137,133,137,136,133,135,134,134,135,134,135,134,133,134,133,132,136,132,136,134,132,134,133,132,136,134,133,137,135,139,136,136,135,135,135,134,134,136,134,134,136,131,135,135,133,134,136,134,136,138,138,137,136,136,134,134,137,132,135,137,134,134,136,133,137,135,134,135,134,138,139,143,151,152,151,148,142,144,140,139,141,141,139,140,140,144,144,144,149,147,151,154,154,157,155,153,158,157,161,166,165,182,193,199,209,203,200,196,194,199,202,204,208,207,213,215,213,220,221,222,226,225,229,228,226,229,229,230,229,228,231,230,231,235,238,241,253,254,262,271,275,282,290,286,291,294,298,302,304,311,317,317,323,327,326,324,321,324,325,325,332,323,330,332,332,339,338,335,337,334,337,335,332,339,336,338,338,338,343,342,343,348,341,340,345,340,342,338,339,341,338,334,342,339,341,338,337,342,341,339,337,330,335,335,329,331,331,326,329,327,327,324,323,326,324,320,321,316,316,312,310,311,306,302,299,298,296,292,291,290,286,286,284,281,283,279,278,278,277,273,276,272,272,269,267,266,262,259,261,257,257,253,250,253,249,247,251,247,247,245,242,243,242,237,240,235,234,230,-8160572,-8162193,-8155660,-8152668,-8161593,-8152571,-8159410,-8156781,-8149906,-8156128,-8155973,-8160533,-8151967,-8162297,-8156282,-8157761,15,0,35,30
144,137,133,138,134,136,136,134,137,136,133,136,132,136,135,133,134,132,133,135,131,136,134,131,134,132,132,134,133,133,133,132,133,133,133,135,135,137,133,134,134,133,133,137,136,136,143,150,153,152,146,140,139,139,139,139,140,139,139,140,136,140,139,138,140,140,142,151,153,157,155,152,146,141,139,140,134,136,137,134,137,136,133,137,134,134,135,135,140,147,163,179,184,183,170,157,149,143,139,138,138,136,137,137,139,140,141,148,146,152,154,154,156,152,150,152,150,151,152,156,174,190,203,205,196,186,178,172,173,170,172,174,171,172,170,168,173,173,172,176,175,178,177,174,178,178,177,180,177,178,178,176,179,181,181,191,189,195,198,203,206,209,209,211,209,212,216,217,220,225,225,229,228,230,232,226,227,229,227,231,228,232,232,231,238,234,236,237,233,236,235,234,236,234,233,237,236,238,237,238,243,240,237,243,240,237,238,238,241,236,235,239,238,240,240,240,238,241,240,240,238,240,240,236,237,236,235,236,234,234,235,232,235,235,231,234,228,231,230,229,227,223,222,223,220,219,220,217,217,215,213,213,209,214,214,209,211,210,208,210,207,206,204,202,206,203,200,201,198,201,198,193,199,194,192,197,191,192,194,190,193,192,187,193,188,189,186,-8156310,-8158781,-8152657,-8147042,-8157545,-8148382,-8155169,-8152143,-8145285,-8151782,-8152556,-8156639,-8146979,-8159343,-8152797,-8153729,15,0,35,30
144,135,133,138,133,136,135,134,137,136,133,136,133,135,135,132,135,133,134,135,131,135,135,131,134,132,132,134,133,134,133,131,134,132,133,136,134,137,134,133,135,133,134,137,136,137,144,149,152,152,143,140,138,139,138,138,139,138,138,140,136,138,138,137,139,140,142,151,153,156,154,148,146,140,139,139,135,136,137,134,136,136,133,136,134,133,135,136,140,148,162,178,182,180,169,155,148,144,138,139,137,137,137,136,139,140,141,148,148,152,153,153,155,151,150,151,148,151,153,156,173,191,200,207,196,187,177,172,173,173,174,175,174,172,172,170,173,175,175,178,177,180,179,177,179,180,179,182,180,181,182,179,180,183,185,192,192,196,200,203,210,211,211,212,214,219,220,220,227,231,231,239,236,238,237,234,235,231,231,234,234,238,238,238,242,240,240,245,240,240,238,239,243,240,239,244,242,243,244,247,248,246,242,248,244,245,244,244,248,246,242,246,243,249,245,245,247,244,241,246,242,246,245,241,241,242,239,242,240,241,240,233,240,238,237,239,233,235,234,229,232,231,225,228,224,224,222,220,223,216,217,215,215,216,216,214,215,215,214,212,210,212,211,208,209,206,203,206,202,203,202,197,201,198,195,200,195,197,196,192,195,192,190,195,190,190,190,-8156492,-8158978,-8152827,-8147229,-8157907,-8148610,-8155370,-8152620,-8145439,-8151953,-8152738,-8156663,-8147106,-8159446,-8152747,-8153985,15,0,35,30
144,132,131,134,131,133,133,132,134,133,130,133,130,133,133,130,133,131,133,134,131,133,133,130,133,131,131,134,132,133,132,131,132,132,133,138,135,139,136,133,135,134,135,138,137,139,153,166,169,168,155,145,144,144,143,143,145,143,144,145,141,144,142,142,145,145,152,165,174,177,173,166,158,149,144,142,137,138,140,136,138,138,135,139,136,136,137,137,145,156,181,207,215,211,191,168,154,145,139,137,136,135,135,134,136,139,140,148,149,152,156,154,155,150,146,147,144,144,147,149,169,186,195,200,188,171,160,153,152,150,150,149,144,144,141,137,139,139,137,142,139,142,141,138,140,140,139,142,138,139,141,137,140,138,138,142,139,141,141,142,144,142,142,144,142,144,145,143,146,147,147,150,148,148,148,143,145,145,144,145,144,146,145,144,147,146,145,147,144,146,142,144,146,145,144,147,146,146,146,146,147,146,144,148,144,146,145,145,147,145,145,146,144,146,146,144,146,146,146,147,145,147,146,145,147,146,144,147,146,148,147,143,145,147,145,148,143,146,146,143,146,142,141,146,144,144,143,142,144,142,142,144,142,146,144,142,144,143,141,145,140,143,145,140,145,143,140,143,142,141,141,137,144,141,139,145,139,143,141,139,142,141,139,143,138,140,141,-8155367,-8158047,-8151989,-8145434,-8156402,-8147581,-8154280,-8150904,-8143759,-8150673,-8152067,-8155428,-8145737,-8158362,-8151588,-8152672,15,0,35,30
